https://disney.fandom.com/wiki/The_Disney_Wiki,171
https://disney.fandom.com/wiki/The_Disney_Wiki,171
https://disney.fandom.com/wiki/Special:AllPages,152
https://disney.fandom.com/wiki/Special:Community,167
https://shop.fandom.com/disney-ft4842.html,346
https://shop.fandom.com/disney/apparel/4842-gf33402.html,404
https://shop.fandom.com/disney/kids/4842-gf33417.html,398
https://shop.fandom.com/disney/bags/4842-gf33426.html,393
https://shop.fandom.com/disney/accessories/4842-gf33432.html,398
https://shop.fandom.com/disney/jewelry/4842-gf33447.html,401
https://shop.fandom.com/disney/home/4842-gf33453.html,395
https://shop.fandom.com/disney/kitchen/4842-gf33468.html,396
https://shop.fandom.com/disney/stationery/4842-gf33479.html,393
https://shop.fandom.com/disney/novelties/4842-gf33488.html,397
https://disney.fandom.com/wiki/Category:Films,154
https://disney.fandom.com/wiki/Category:Animated_films,154
https://disney.fandom.com/wiki/Snow_White_and_the_Seven_Dwarfs,204
https://disney.fandom.com/wiki/Sleeping_Beauty,213
https://disney.fandom.com/wiki/The_Little_Mermaid,167
https://disney.fandom.com/wiki/Aladdin_(film),169
https://disney.fandom.com/wiki/Beauty_and_the_Beast_(1991_film),177
https://disney.fandom.com/wiki/The_Lion_King,186
https://disney.fandom.com/wiki/Tangled,167
https://disney.fandom.com/wiki/Frozen,180
https://disney.fandom.com/wiki/Category:Pixar_films,154
https://disney.fandom.com/wiki/Toy_Story,181
"https://disney.fandom.com/wiki/Monsters,_Inc.",169
https://disney.fandom.com/wiki/Coco_(film),170
https://disney.fandom.com/wiki/Ratatouille,169
https://disney.fandom.com/wiki/WALL-E,156
https://disney.fandom.com/wiki/Category:Live-action_films,154
https://disney.fandom.com/wiki/Jungle_Cruise_(film),170
https://disney.fandom.com/wiki/Cruella,183
https://disney.fandom.com/wiki/Mary_Poppins_(film),183
https://disney.fandom.com/wiki/Who_Framed_Roger_Rabbit,219
https://disney.fandom.com/wiki/TRON,169
https://disney.fandom.com/wiki/Avengers:_Infinity_War,165
https://disney.fandom.com/wiki/Alice_in_Wonderland_(2010_film),162
https://disney.fandom.com/wiki/Disney,350
https://disney.fandom.com/wiki/Lady_and_the_Tramp_(2019_film),185
https://disney.fandom.com/wiki/Timmy_Failure:_Mistakes_Were_Made,167
https://disney.fandom.com/wiki/Phineas_and_Ferb_the_Movie:_Candace_Against_the_Universe,177
https://disney.fandom.com/wiki/Godmothered,163
https://disney.fandom.com/wiki/Soul,183
https://disney.fandom.com/wiki/Flora_%26_Ulysses,156
https://disney.fandom.com/wiki/Luca,196
https://disney.fandom.com/wiki/Category:Upcoming_films,152
https://disney.fandom.com/wiki/The_Beatles:_Get_Back,179
https://disney.fandom.com/wiki/Encanto,169
https://disney.fandom.com/wiki/Turning_Red,165
https://disney.fandom.com/wiki/Lightyear,161
https://disney.fandom.com/wiki/Spin_(film),164
https://disney.fandom.com/wiki/Category:Television_series_by_Disney,154
https://disney.fandom.com/wiki/Disney_Channel,177
https://disney.fandom.com/wiki/Kim_Possible,169
https://disney.fandom.com/wiki/Phineas_and_Ferb,173
https://disney.fandom.com/wiki/Elena_of_Avalor,164
https://disney.fandom.com/wiki/Tangled:_The_Series,166
https://disney.fandom.com/wiki/Spider-Man_(TV_series),163
https://disney.fandom.com/wiki/Avengers_Assemble_(TV_series),153
https://disney.fandom.com/wiki/Star_Wars_Resistance,162
https://disney.fandom.com/wiki/Milo_Murphy%27s_Law,160
https://disney.fandom.com/wiki/Amphibia,162
https://disney.fandom.com/wiki/The_Owl_House,166
https://disney.fandom.com/wiki/Disney_Junior,160
https://disney.fandom.com/wiki/Mickey_and_the_Roadster_Racers,165
https://disney.fandom.com/wiki/The_Lion_Guard,160
https://disney.fandom.com/wiki/Doc_McStuffins,165
https://disney.fandom.com/wiki/Sofia_the_First,162
https://disney.fandom.com/wiki/Miles_from_Tomorrowland,160
https://disney.fandom.com/wiki/The_Disney_Afternoon,172
https://disney.fandom.com/wiki/DuckTales,169
https://disney.fandom.com/wiki/Chip_%27n_Dale_Rescue_Rangers,165
https://disney.fandom.com/wiki/TaleSpin,167
https://disney.fandom.com/wiki/Darkwing_Duck,181
https://disney.fandom.com/wiki/Timon_%26_Pumbaa,162
https://disney.fandom.com/wiki/Aladdin_(TV_series),161
https://disney.fandom.com/wiki/Gargoyles,164
https://disney.fandom.com/wiki/The_Mandalorian,163
https://disney.fandom.com/wiki/High_School_Musical:_The_Musical:_The_Series,160
https://disney.fandom.com/wiki/Loki_(TV_series),173
https://disney.fandom.com/wiki/The_Mysterious_Benedict_Society,161
https://disney.fandom.com/wiki/Turner_%26_Hooch,173
https://disney.fandom.com/wiki/Category:Video_games,154
https://disney.fandom.com/wiki/DuckTales_(video_game),165
https://disney.fandom.com/wiki/Chip_%27n_Dale_Rescue_Rangers_(video_game),162
https://disney.fandom.com/wiki/Castle_of_Illusion_starring_Mickey_Mouse,160
https://disney.fandom.com/wiki/QuackShot,162
https://disney.fandom.com/wiki/Darkwing_Duck_(video_game),165
https://disney.fandom.com/wiki/The_Magical_Quest_starring_Mickey_Mouse,159
https://disney.fandom.com/wiki/Aladdin_(video_game),159
https://disney.fandom.com/wiki/Kingdom_Hearts_(series),179
https://disney.fandom.com/wiki/Disney_Magical_World,179
https://disney.fandom.com/wiki/Disney_Magic_Kingdoms,214
https://disney.fandom.com/wiki/Disney_Emoji_Blitz,184
https://disney.fandom.com/wiki/Disney_Heroes:_Battle_Mode,159
https://disney.fandom.com/wiki/Disney_Wiki:Community_Portal,152
https://disney.fandom.com/wiki/Blog:Recent_posts,152
https://disney.fandom.com/wiki/Special:ListUsers,152
https://disney.fandom.com/wiki/Disney_Wiki:Administrators,158
https://disney.fandom.com/wiki/Disney_Wiki:Nominations_for_adminship,153
https://disney.fandom.com/wiki/Disney_Wiki:Moderators,151
https://disney.fandom.com/wiki/Disney_Wiki:Policy,153
https://disney.fandom.com/wiki/Disney_Wiki:Vandalism,166
https://disney.fandom.com/wiki/Disney_Wiki:Manual_of_Style,153
https://disney.fandom.com/wiki/Disney_Wiki:A_Guide_to_Infoboxes,152
https://disney.fandom.com/wiki/Disney_Wiki:Photo_Policies,153
https://disney.fandom.com/wiki/Disney_Wiki:Image_Organization,152
https://disney.fandom.com/wiki/Disney_Wiki:Image_Voting,152
https://disney.fandom.com/wiki/Disney_Wiki:Image_Submission,152
https://disney.fandom.com/wiki/Disney_Wiki:Affiliates,227
https://www.fandom.com/,86
https://www.fandom.com/topics/games,331
https://www.fandom.com/topics/movies,326
https://www.fandom.com/topics/tv,327
https://www.fandom.com/video,89
https://www.fandom.com/explore,78
https://www.fandom.com/register?redirect=https%3A%2F%2Fdisney.fandom.com%2Fwiki%2FThe_Disney_Wiki,4
https://www.fandom.com/signin?redirect=https%3A%2F%2Fdisney.fandom.com%2Fwiki%2FThe_Disney_Wiki,2
https://disney.fandom.com/nl/wiki/,50
https://community.fandom.com/wiki/Help:Contents,97
https://www.facebook.com/DisneyWiki2/,11
https://twitter.com/disney_wiki,6
https://www.youtube.com/channel/UCJGElMLYBk7GKbK1Gd3eukw/featured?view_as=subscriber,9
https://disney-wiki.tumblr.com/,3
https://disney.fandom.com/wiki/File:Disney%27s_Encanto_-_Official_Trailer,172
https://deadline.com/2021/06/snow-white-rachel-zegler-1234778797/,137
https://www.yahoo.com/lifestyle/walt-disney-world-celebrate-50th-182549633.html,71
https://www.hollywoodreporter.com/live-feed/the-simpsons-scores-another-two-season-renewal-at-fox,117
https://www.thewrap.com/cynthia-erivo-blue-fairy-robert-zemeckis-pinocchio/,68
https://deadline.com/2021/02/captain-marvel-2-zawe-ashton-marvel-sequel-1234692951/,138
https://twitter.com/Disney_Wiki,6
https://static.wikia.nocookie.net/disney/images/d/dd/Proud_of_Your_Boy_-_Adam_Jacobs.jpg/revision/latest?cb=20200805214519,0
https://disney.fandom.com/wiki/Template:Disney_Wikis,196
https://disney.fandom.com/wiki/Template:DisneyXDWikis,198
https://www.fandom.com/licensing,49
http://bit.ly/en-spotlight-universalconquest,71
https://letsgoluna.fandom.com/wiki/Let%27s_Go_Luna!_Wiki,145
https://club57.fandom.com/wiki/Club_57_Wiki,210
https://www.dndbeyond.com/,1
https://www.cortexrpg.com/,10
https://www.muthead.com/,50
https://www.futhead.com/,32
https://www.fanatical.com/,1
https://www.facebook.com/getfandom,11
https://twitter.com/getfandom,6
https://www.youtube.com/fandomentertainment,9
https://www.instagram.com/getfandom/,3
https://www.fandom.com/what-is-fandom,41
https://www.fandom.com/about,40
https://www.fandom.com/careers,31
https://www.fandom.com/press,36
https://www.fandom.com/about#contact,40
https://www.fandom.com/terms-of-use,42
https://www.fandom.com/privacy-policy,54
https://fandom.zendesk.com/,0
https://www.fandom.com/do-not-sell-my-info,38
https://about.fandom.com/mediakit,31
https://www.fandomatic.com,3
https://about.fandom.com/mediakit#contact,31
https://apps.apple.com/us/app/fandom-videos-news-reviews/id1230063803,33
https://play.google.com/store/apps/details?id=com.fandom.app&referrer=utm_source%3Dwikia%26utm_medium%3Dglobalfooter,40
https://apps.apple.com/us/app/id1501810129,33
https://play.google.com/store/apps/details?id=com.fandom.playercompanion&referrer=utm_source%3Dwikia%26utm_medium%3Dglobalfooter,40
https://disney.fandom.com/wiki/The_Disney_Wiki?title=The_Disney_Wiki&mobileaction=toggle_view_mobile,160
http://bit.ly/fandomshop1,313
https://bit.ly/WBEmailCap,0
http://bit.ly/NewFanLabWB,1
https://disney.fandom.com/wiki/The_Disney_Wiki,171
https://disney.fandom.com/tr/wiki/,46
https://disney.fandom.com/wiki/Special:AllPages,152
https://www.fandom.com/register?redirect=https%3A%2F%2Fdisney.fandom.com%2Fwiki%2FSpecial%3AAllPages,4
https://www.fandom.com/signin?redirect=https%3A%2F%2Fdisney.fandom.com%2Fwiki%2FSpecial%3AAllPages,2
https://disney.fandom.com/wiki/Special:AllPages?title=Special%3AAllPages&mobileaction=toggle_view_mobile,143
https://disney.fandom.com/wiki/Special:Community,167
https://www.fandom.com/register?redirect=https%3A%2F%2Fdisney.fandom.com%2Fwiki%2FSpecial%3ACommunity,4
https://www.fandom.com/signin?redirect=https%3A%2F%2Fdisney.fandom.com%2Fwiki%2FSpecial%3ACommunity,2
https://disney.fandom.com/wiki/Special:UserLogin?returnto=The+Disney+Wiki&returntoquery=action%253Dedit,2
https://disney.fandom.com/wiki/Special:UserLogin?returnto=2021&returntoquery=action%253Dedit,2
https://disney.fandom.com/wiki/Special:UserLogin?returnto=Encanto&returntoquery=action%253Dedit,2
https://disney.fandom.com/wiki/Special:UserLogin?returnto=A+Wrinkle+in+Time+%28video%29%2FGallery&returntoquery=action%253Dedit,2
https://disney.fandom.com/wiki/Special:UserLogin?returnto=Ant-Man+%28video%29%2FGallery&returntoquery=action%253Dedit,2
https://disney.fandom.com/wiki/Special:UserLogin?returnto=Avengers%3A+Endgame+%28video%29%2FGallery&returntoquery=action%253Dedit,2
https://disney.fandom.com/wiki/Special:DeadendPages,152
https://disney.fandom.com/wiki/Special:UserLogin?returnto=I+Dream+About+Samantha+Daa&returntoquery=action%253Dedit,2
https://disney.fandom.com/wiki/Special:UserLogin?returnto=Theme+Park+Non-meetable+Characters%2FDisney+On+Ice+Characters&returntoquery=action%253Dedit,2
https://disney.fandom.com/wiki/Special:UserLogin?returnto=Peg&returntoquery=action%253Dedit,2
https://disney.fandom.com/wiki/Special:UserLogin?returnto=Janie&returntoquery=action%253Dedit,2
https://disney.fandom.com/wiki/Special:ShortPages,152
https://disney.fandom.com/wiki/Special:UserLogin?returnto=Special%3ACreatePage&returntoquery=action%253Dedit,2
https://community.fandom.com/wiki/Help:Wiki_Representatives,125
https://disney.fandom.com/wiki/Help:Community_guidelines,94
https://disney.fandom.com/wiki/Special:Community?title=Special%3ACommunity&mobileaction=toggle_view_mobile,167
https://shop.fandom.com/,314
https://shop.fandom.com/grand-theft-auto-ft4868.html,302
https://shop.fandom.com/warframe-ft4872.html,282
https://shop.fandom.com/borderlands-ft4875.html,343
https://shop.fandom.com/nintendo-ft4861.html,383
https://shop.fandom.com/zelda-ft4897.html,360
https://shop.fandom.com/hollow-knight-ft4881.html,270
https://shop.fandom.com/pokemon-ft4862.html,357
https://shop.fandom.com/fallout-ft4864.html,331
https://shop.fandom.com/danganronpa-ft4885.html,313
https://shop.fandom.com/minecraft-ft4865.html,333
https://shop.fandom.com/call-of-duty-ft4869.html,330
https://shop.fandom.com/league-of-legends-ft4878.html,308
https://shop.fandom.com/assassins-creed-ft4879.html,328
https://shop.fandom.com/fate-grand-order-ft4880.html,275
https://shop.fandom.com/dark-souls-ft4902.html,296
https://shop.fandom.com/warhammer-ft4890.html,326
https://shop.fandom.com/xenoblade-ft4882.html,275
https://shop.fandom.com/roblox-ft4883.html,317
https://shop.fandom.com/final-fantasy-ft4870.html,344
https://shop.fandom.com/dungeons-and-dragons-ft4873.html,330
https://shop.fandom.com/elder-scrolls-ft4866.html,298
https://shop.fandom.com/animal-crossing-ft4863.html,357
https://shop.fandom.com/resident-evil-ft4892.html,326
https://shop.fandom.com/red-dead-ft4887.html,282
https://shop.fandom.com/world-of-warcraft-ft4901.html,343
https://shop.fandom.com/dragon-age-ft4877.html,324
https://shop.fandom.com/dc-ft4845.html,336
https://shop.fandom.com/star-wars-ft4841.html,383
https://shop.fandom.com/disney-ft4842.html,346
https://shop.fandom.com/harry-potter-ft4846.html,345
https://shop.fandom.com/lord-of-the-rings-ft4843.html,332
https://shop.fandom.com/marvel-ft4844.html,367
https://shop.fandom.com/vampire-diaries-ft4915.html,295
https://shop.fandom.com/criminal-minds-ft4916.html,324
https://shop.fandom.com/star-trek-ft4911.html,333
https://shop.fandom.com/avatar-ft4904.html,329
https://shop.fandom.com/doctor-who-ft4905.html,336
https://shop.fandom.com/witcher-ft4907.html,317
https://shop.fandom.com/the-walking-dead-ft4908.html,332
https://shop.fandom.com/greys-anatomy-ft4910.html,315
https://shop.fandom.com/muppets-ft4912.html,337
https://shop.fandom.com/spongebob-ft4914.html,334
https://shop.fandom.com/thomas-the-tank-engine-ft4920.html,326
https://shop.fandom.com/game-of-thrones-ft4909.html,339
https://shop.fandom.com/steven-universe-ft4906.html,330
https://shop.fandom.com/power-rangers-ft4913.html,331
https://shop.fandom.com/dragon-ball-ft4849.html,342
https://shop.fandom.com/yu-gi-oh-ft4854.html,315
https://shop.fandom.com/haikyuu-ft4855.html,334
https://shop.fandom.com/naruto-ft4847.html,336
https://shop.fandom.com/one-piece-ft4850.html,299
https://shop.fandom.com/kimetsu-no-yaiba-ft4853.html,333
https://shop.fandom.com/mustbuys.html,282
https://shop.fandom.com/apparel-l33402.html,446
https://shop.fandom.com/apparel/tanks-l33403.html,419
https://shop.fandom.com/apparel/shirts-l33404.html,444
https://shop.fandom.com/apparel/long-sleeves-l33405.html,433
https://shop.fandom.com/apparel/hoodies-l33406.html,418
https://shop.fandom.com/apparel/sweaters-l33407.html,397
https://shop.fandom.com/apparel/sweatershirts-l33408.html,419
https://shop.fandom.com/apparel/dresses-l33409.html,395
https://shop.fandom.com/apparel/shorts-l33410.html,391
https://shop.fandom.com/apparel/leggings-sweatpants-l33411.html,394
https://shop.fandom.com/apparel/jackets-l33412.html,398
https://shop.fandom.com/apparel/vests-l33413.html,388
https://shop.fandom.com/apparel/loungewear-l33414.html,403
https://shop.fandom.com/apparel/socks-l33415.html,397
https://shop.fandom.com/apparel/coats-outwear-l33416.html,389
https://shop.fandom.com/kids-l33417.html,432
https://shop.fandom.com/kids/baby-clothes-l33418.html,400
https://shop.fandom.com/kids/shirts-l33419.html,429
https://shop.fandom.com/kids/pants-skirts-shorts-l33420.html,395
https://shop.fandom.com/kids/youth-shirts-l33421.html,424
https://shop.fandom.com/kids/accessories-l33422.html,392
https://shop.fandom.com/kids/hats-headwear-l33423.html,391
https://shop.fandom.com/kids/socks-l33424.html,394
https://shop.fandom.com/kids/shoes-l33425.html,395
https://shop.fandom.com/bags-l33426.html,419
https://shop.fandom.com/bags/backpacks-l33427.html,399
https://shop.fandom.com/bags/crossbody-l33428.html,389
https://shop.fandom.com/bags/purses-and-totes-l33429.html,402
https://shop.fandom.com/bags/fanny-packs-l33430.html,387
https://shop.fandom.com/bags/wallets-l33431.html,400
https://shop.fandom.com/accessories-l33432.html,424
https://shop.fandom.com/accessories/hats-headwear-l33433.html,411
https://shop.fandom.com/accessories/wristbands-l33434.html,395
https://shop.fandom.com/accessories/belts-l33435.html,407
https://shop.fandom.com/accessories/gloves-l33436.html,392
https://shop.fandom.com/accessories/bathrobes-l33437.html,387
https://shop.fandom.com/accessories/sleep-masks-l33438.html,386
https://shop.fandom.com/accessories/face-masks-l33439.html,395
https://shop.fandom.com/accessories/scarves-l33440.html,391
https://shop.fandom.com/accessories/sunglasses-l33441.html,389
https://shop.fandom.com/accessories/umbrellas-l33442.html,392
https://shop.fandom.com/accessories/belt-buckles-l33443.html,387
https://shop.fandom.com/accessories/lanyards-l33444.html,387
https://shop.fandom.com/accessories/ties-l33445.html,396
https://shop.fandom.com/accessories/slippers-l33446.html,392
https://shop.fandom.com/jewelry-l33447.html,419
https://shop.fandom.com/jewelry/necklaces-l33448.html,417
https://shop.fandom.com/jewelry/earrings-l33449.html,392
https://shop.fandom.com/jewelry/rings-l33450.html,410
https://shop.fandom.com/jewelry/watches-l33451.html,394
https://shop.fandom.com/jewelry/bracelets-l33452.html,396
https://shop.fandom.com/home-l33453.html,442
https://shop.fandom.com/home/decor-l33454.html,419
https://shop.fandom.com/home/pillows-l33455.html,415
https://shop.fandom.com/home/bedding-l33456.html,408
https://shop.fandom.com/home/bath-l33460.html,392
https://shop.fandom.com/home/office-l33462.html,388
https://shop.fandom.com/home/wall-art-l33463.html,439
https://shop.fandom.com/kitchen-l33468.html,427
https://shop.fandom.com/kitchen/barware-l33469.html,398
https://shop.fandom.com/kitchen/cookware-l33470.html,323
https://shop.fandom.com/kitchen/dinnerware-l33471.html,301
https://shop.fandom.com/kitchen/drinkware-l33472.html,399
https://shop.fandom.com/kitchen/coffee-mugs-l33477.html,424
https://shop.fandom.com/stationery-l33479.html,417
https://shop.fandom.com/stationery/notebooks-l33480.html,400
https://shop.fandom.com/stationery/note-cards-l33481.html,327
https://shop.fandom.com/stationery/stickers-l33482.html,408
https://shop.fandom.com/stationery/pencil-cases-l33483.html,292
https://shop.fandom.com/stationery/pens-l33484.html,395
https://shop.fandom.com/stationery/pen-holders-l33485.html,283
https://shop.fandom.com/stationery/erasers-l33486.html,271
https://shop.fandom.com/stationery/stationery-sets-l33487.html,267
https://shop.fandom.com/novelties-l33488.html,432
https://shop.fandom.com/novelties/keychains-l33489.html,407
https://shop.fandom.com/novelties/stickers-decals-l33490.html,420
https://shop.fandom.com/novelties/magnets-l33491.html,395
https://shop.fandom.com/novelties/bottle-bags-l33492.html,292
https://shop.fandom.com/novelties/badges-and-patches-l33493.html,395
https://shop.fandom.com/novelties/pins-l33494.html,410
https://shop.fandom.com/novelties/tech-accessories-l33495.html,373
https://shop.fandom.com/costumes-l33496.html,428
https://shop.fandom.com/costumes/kids-costumes-l33497.html,407
https://shop.fandom.com/costumes/toddler-costumes-l33498.html,398
https://shop.fandom.com/costumes/baby-costumes-l33499.html,393
https://shop.fandom.com/costumes/womens-costumes-l33500.html,407
https://shop.fandom.com/costumes/mens-costumes-l33501.html,413
https://shop.fandom.com/costumes/couples-costumes-l33502.html,388
https://shop.fandom.com/costumes/family-costumes-l33503.html,311
https://shop.fandom.com/costumes/plus-size-costumes-l33504.html,404
https://shop.fandom.com/costumes/pet-costumes-l33505.html,390
https://shop.fandom.com/costumes/costume-acessories-l33506.html,391
https://shop.fandom.com/costumes/costume-wigs-l33507.html,389
https://shop.fandom.com/costumes/costume-masks-l33508.html,394
https://shop.fandom.com/costumes/capes-and-robes-l33509.html,393
https://shop.fandom.com/costumes/costume-dresses-and-skirts-l33510.html,396
https://shop.fandom.com/party-supplies-l33511.html,404
https://shop.fandom.com/party-supplies/party-kits-l33512.html,397
https://shop.fandom.com/party-supplies/tableware-l33513.html,330
https://shop.fandom.com/party-supplies/balloons-l33519.html,327
https://shop.fandom.com/party-supplies/decorations-l33520.html,392
https://shop.fandom.com/toys-games-l33521.html,435
https://shop.fandom.com/toys-games/action-figures-l33522.html,433
https://shop.fandom.com/toys-games/funko-l33523.html,406
https://shop.fandom.com/toys-games/playsets-blocks-l33524.html,370
https://shop.fandom.com/toys-games/stuffed-animals-l33525.html,393
https://shop.fandom.com/toys-games/remote-control-toys-l33526.html,396
https://shop.fandom.com/toys-games/board-games-l33527.html,391
https://shop.fandom.com/toys-games/card-games-l33528.html,328
https://shop.fandom.com/toys-games/stickers-l33529.html,315
https://shop.fandom.com/toys-games/outdoor-play-l33530.html,271
https://shop.fandom.com/toys-games/pool-toys-l33531.html,315
https://shop.fandom.com/toys-games/baby-toddler-toys-l33532.html,267
https://shop.fandom.com/gaming-l33533.html,436
https://shop.fandom.com/gaming/consoles-l33534.html,382
https://shop.fandom.com/gaming/video-games-l33535.html,428
https://shop.fandom.com/gaming/pc-gaming-l33536.html,294
https://shop.fandom.com/gaming/retro-gaming-arcades-l33537.html,258
https://shop.fandom.com/gaming/virtual-reality-l33538.html,283
https://shop.fandom.com/gaming/headsets-l33539.html,334
https://shop.fandom.com/gaming/controllers-l33540.html,398
https://shop.fandom.com/gaming/cases-skins-l33541.html,408
https://shop.fandom.com/gaming/gaming-accessories-l33542.html,402
https://shop.fandom.com/pets-l33543.html,401
https://shop.fandom.com/pets/clothing-accessories-l33544.html,288
https://shop.fandom.com/pets/leashes-collars-l33545.html,396
https://shop.fandom.com/pets/toys-l33546.html,392
https://shop.fandom.com/pets/beds-mats-l33547.html,390
https://shop.fandom.com/tvs-and-home-theater-l33548.html,387
https://shop.fandom.com/tvs-and-home-theater/tvs-l33549.html,394
https://shop.fandom.com/tvs-and-home-theater/audio-l33558.html,393
https://shop.fandom.com/tvs-and-home-theater/video-l33565.html,389
https://shop.fandom.com/computers-and-tablets-l33574.html,386
https://shop.fandom.com/computers-and-tablets/laptops-l33575.html,387
https://shop.fandom.com/computers-and-tablets/desktops-l33576.html,387
https://shop.fandom.com/computers-and-tablets/tablets-l33577.html,386
https://shop.fandom.com/computers-and-tablets/monitors-l33578.html,386
https://shop.fandom.com/computers-and-tablets/mice-keyboards-l33579.html,386
https://shop.fandom.com/computers-and-tablets/cases-sleeves-skins-l33580.html,308
https://shop.fandom.com/computers-and-tablets/stickers-decals-l33581.html,386
https://shop.fandom.com/phones-and-accessories-l33582.html,387
https://shop.fandom.com/phones-and-accessories/cell-phones-l33583.html,386
https://shop.fandom.com/phones-and-accessories/phone-cases-l33584.html,387
https://shop.fandom.com/phones-and-accessories/phone-skins-l33585.html,385
https://shop.fandom.com/phones-and-accessories/pop-sockets-l33586.html,385
https://shop.fandom.com/phones-and-accessories/wireless-chargers-l33587.html,387
https://shop.fandom.com/phones-and-accessories/portable-chargers-l33588.html,387
https://shop.fandom.com/phones-and-accessories/screen-protectors-l33589.html,386
https://shop.fandom.com/tech-and-electronics-l35004.html,387
https://shop.fandom.com/tech-and-electronics/speakers-l35005.html,396
https://shop.fandom.com/tech-and-electronics/smart-home-l35033.html,391
https://shop.fandom.com/tech-and-electronics/wifi-l35040.html,394
https://shop.fandom.com/tech-and-electronics/camera-and-photo-l35050.html,397
https://shop.fandom.com/tech-and-electronics/wearable-technology-l35387.html,394
https://shop.fandom.com/tech-and-electronics/headphones-l35395.html,396
https://shop.fandom.com/home-decor-and-furnishing-l35128.html,398
https://shop.fandom.com/home-decor-and-furnishing/bedroom-furniture-l35129.html,394
https://shop.fandom.com/home-decor-and-furnishing/kitchen-and-dining-furniture-l35137.html,396
https://shop.fandom.com/home-decor-and-furnishing/living-room-furniture-l35148.html,396
https://shop.fandom.com/home-decor-and-furnishing/home-office-furniture-l35158.html,392
https://shop.fandom.com/home-decor-and-furnishing/accent-furniture-l35164.html,394
https://shop.fandom.com/home-decor-and-furnishing/bathroom-furniture-l35172.html,391
https://shop.fandom.com/home-decor-and-furnishing/bed-and-bath-l35177.html,402
https://shop.fandom.com/home-decor-and-furnishing/appliances-l35199.html,400
https://shop.fandom.com/home-decor-and-furnishing/dining-and-entertaining-l35229.html,405
https://shop.fandom.com/home-decor-and-furnishing/patio-and-garden-l35269.html,392
https://shop.fandom.com/home-decor-and-furnishing/home-decor-l35279.html,410
https://shop.fandom.com/holidays-and-special-days-l35325.html,389
https://shop.fandom.com/holidays-and-special-days/easter-l35326.html,392
https://shop.fandom.com/holidays-and-special-days/gift-wrap-supplies-l35332.html,391
https://shop.fandom.com/holidays-and-special-days/thanksgiving-l35337.html,389
https://shop.fandom.com/holidays-and-special-days/special-occasions-l35341.html,391
https://shop.fandom.com/holidays-and-special-days/hanukkah-l35346.html,390
https://shop.fandom.com/holidays-and-special-days/new-years-l35350.html,387
https://shop.fandom.com/holidays-and-special-days/4th-of-july-l35351.html,389
https://shop.fandom.com/holidays-and-special-days/halloween-l35354.html,390
https://shop.fandom.com/holidays-and-special-days/christmas-l35358.html,396
https://shop.fandom.com/holidays-and-special-days/gifts-l35374.html,391
https://shop.fandom.com/holidays-and-special-days/entertaining-and-party-l35379.html,393
https://shop.fandom.com/holidays-and-special-days/valentines-day-l35383.html,390
https://www.fandom.com,86
https://shop.fandom.com/disney/costumes/4842-gf33496.html,402
https://shop.fandom.com/disney/party-supplies/4842-gf33511.html,393
https://shop.fandom.com/disney/toys-games/4842-gf33521.html,397
https://shop.fandom.com/disney/gaming/4842-gf33533.html,391
https://shop.fandom.com/disney/pets/4842-gf33543.html,392
https://shop.fandom.com/all-disney-characters-fg5990.html,394
https://shop.fandom.com/up-fg5667.html,388
https://shop.fandom.com/american-tourister/disney-by-american-tourister-mickey-mouse-classic-luggage-sticker-2ba5795da2964cefb3a45d92ca34feea-p.html,315
https://shop.fandom.com/buy.html?p=2ba5795da2964cefb3a45d92ca34feea&clientId=fandom&pid=fandom&utm_source=STORE&store=Macys.com&brand=American+Tourister&erpc=0.1&hasBid=true&dataProvider=LINK_SHARE&urls=https%3A%2F%2Fclick.linksynergy.com%2Flink%3Fid%3De*%2FvfdwHttM%26offerid%3D803508.49845279455%26type%3D15%26murl%3Dhttps%253A%252F%252Fwww.macys.com%252Fshop%252Fproduct%252Fdisney-by-american-tourister-mickey-mouse-classic-luggage-sticker%253FID%253D10399618%2526PartnerID%253DLINKSHARE%2526cm_mmc%253DLINKSHARE-_-47-_-84-_-MP4784%26LSNSUBSITE%3DPR%26u1%3D%7Bclick.trackingCode%7D,0
https://shop.fandom.com/enchanted-disney-fine-jewelry/enchanted-disney-villains-garnet-7-8-ct-t-w-and-diamond-1-6-ct-t-w-evil-queen-heart-and-sword-ring-in-14k-rose-gold-and-black-rhodium-plated-sterling-silver-ec46c96ec98a443690386e626218c4ea-p.html,328
https://shop.fandom.com/buy.html?p=ec46c96ec98a443690386e626218c4ea&clientId=fandom&pid=fandom&utm_source=STORE&store=Macys.com&brand=Enchanted+Disney+Fine+Jewelry&erpc=0.1&hasBid=true&dataProvider=LINK_SHARE&urls=https%3A%2F%2Fclick.linksynergy.com%2Flink%3Fid%3De*%2FvfdwHttM%26offerid%3D803508.673226224170%26type%3D15%26murl%3Dhttps%253A%252F%252Fwww.macys.com%252Fshop%252Fproduct%252Fenchanted-disney-villains-garnet-7-8-ct.-t.w.-diamond-1-6-ct.-t.w.-evil-queen-heart-sword-ring-in-14k-rose-gold-black-rhodium-plated-sterling-silver%253FID%253D10973779%2526PartnerID%253DLINKSHARE%2526cm_mmc%253DLINKSHARE-_-1-_-35-_-MP135%26LSNSUBSITE%3DPR%26u1%3D%7Bclick.trackingCode%7D,0
https://shop.fandom.com/thegeekyhallows/hello-beastie-maleficent-villain-evil-disney-34oz-water-bottle-bpa-free-gift-hydrate-halloween-488c337c3d344861b6753cf3bd9c5295-p.html,325
https://shop.fandom.com/buy.html?p=488c337c3d344861b6753cf3bd9c5295&clientId=fandom&pid=fandom&utm_source=STORE&store=Amazon&brand=TheGeekyHallows&erpc=0.1&hasBid=true&dataProvider=AMAZON&urls=https%3A%2F%2Fwww.amazon.com%2Fdp%2FB07H17W14D%2Fref%3Dasc_df_B07H17W14D1632135600000%3Ftag%3D%7Bclick.siteID%7D%26creative%3D395261%26creativeASIN%3DB07H17W14D%26linkCode%3Dasn%26ascsubtag%3D%7Bclick.trackingCode%7D,0
https://shop.fandom.com/enchanted-disney-fine-jewelry/enchanted-disney-diamond-ariel-mermaid-tail-ring-1-20-ct-t-w-in-14k-rose-gold-10db073784624bde8fae35a0fb824829-p.html,328
https://shop.fandom.com/buy.html?p=10db073784624bde8fae35a0fb824829&clientId=fandom&pid=fandom&utm_source=STORE&store=Macys.com&brand=Enchanted+Disney+Fine+Jewelry&erpc=0.1&hasBid=true&dataProvider=LINK_SHARE&urls=https%3A%2F%2Fclick.linksynergy.com%2Flink%3Fid%3De*%2FvfdwHttM%26offerid%3D803508.673226223418%26type%3D15%26murl%3Dhttps%253A%252F%252Fwww.macys.com%252Fshop%252Fproduct%252Fenchanted-disney-diamond-ariel-mermaid-tail-ring-1-20-ct.-t.w.-in-14k-rose-gold%253FID%253D10973795%2526PartnerID%253DLINKSHARE%2526cm_mmc%253DLINKSHARE-_-1-_-35-_-MP135%26LSNSUBSITE%3DPR%26u1%3D%7Bclick.trackingCode%7D,0
https://shop.fandom.com/enchanted-disney-fine-jewelry/enchanted-disney-diamond-ariel-tiara-ring-1-5-ct-t-w-in-sterling-silver-and-14k-rose-gold-51c06f6bf1b648a29df04127d5827d6d-p.html,328
https://shop.fandom.com/buy.html?p=51c06f6bf1b648a29df04127d5827d6d&clientId=fandom&pid=fandom&utm_source=STORE&store=Macys.com&brand=Enchanted+Disney+Fine+Jewelry&erpc=0.1&hasBid=true&dataProvider=LINK_SHARE&urls=https%3A%2F%2Fclick.linksynergy.com%2Flink%3Fid%3De*%2FvfdwHttM%26offerid%3D803508.673226223456%26type%3D15%26murl%3Dhttps%253A%252F%252Fwww.macys.com%252Fshop%252Fproduct%252Fenchanted-disney-diamond-ariel-tiara-ring-1-5-ct.-t.w.-in-sterling-silver-14k-rose-gold%253FID%253D10973778%2526PartnerID%253DLINKSHARE%2526cm_mmc%253DLINKSHARE-_-1-_-35-_-MP135%26LSNSUBSITE%3DPR%26u1%3D%7Bclick.trackingCode%7D,0
https://shop.fandom.com/gaming/controllers/nintendo-ml33540.html,378
https://shop.fandom.com/gaming/headsets/walmart-rl33539.html,266
https://shop.fandom.com/pokemon/toys-games/4862-gf33521.html,396
https://shop.fandom.com/marvel/shirts/4844-gf33404.html,411
https://shop.fandom.com/star-wars/costumes/4841-gf33496.html,419
https://shop.fandom.com/naruto/action-figures/4847-gf33522.html,379
https://shop.fandom.com/harry-potter/costumes/4846-gf33496.html,397
https://shop.fandom.com/spongebob/shirts/4914-gf33404.html,399
https://shop.fandom.com/disney-the-lion-king/disney-the-lion-king-black-boys-4-7-paste-graphic-t-shirt-45f0c6cbb9564f82a4c488b1cd84be26-p.html,327
https://shop.fandom.com/disney-frozen/disney-frozen-navy-boys-4-7-frozen-lost-world-tour-graphic-t-shirt-b64fdcfca1f048318f9bf143b298f549-p.html,328
https://shop.fandom.com/disney-the-lion-king/disney-the-lion-king-black-boys-4-7-freaky-rafiki-graphic-t-shirt-697d54c9806849f7b98968e2ca07fbeb-p.html,327
https://shop.fandom.com/loki/loki-black-likeness-girls-4-6x-what-loki-graphic-t-shirt-22a418dc42504707a29d92f9d9975ed5-p.html,328
https://shop.fandom.com/disney-limited-edition/invicta-disney-limited-edition-mickey-mouse-womens-watch-with-mother-of-pearl-dial-30mm-steel-25571-83a65082b7864e2194c25300a5fc9eed-p.html,327
https://shop.fandom.com/disney-cars/disney-cars-athletic-heather-boys-4-7-lightning-mcqueen-4th-birthday-graphic-t-shirt-f7c68cd6501c496a907303f520e63c80-p.html,325
https://shop.fandom.com/toynk-toys/toynk-toys-indoor-table-lamps-disney-frozen-2-bruni-mood-light-1eb3ffa6f51044e9bccca2f6f33c7e7b-p.html,327
https://shop.fandom.com/disney/disney-wall-art-multi-cinderella-bibbidi-bobbidi-boo-framed-wall-art-f1957d04c24e42e3908eff9275163aba-p.html,327
https://shop.fandom.com/best-friends-by-sheri/best-friends-by-sheri-disney-pet-nightmare-before-christmas-zero-covered-cat-and-dog-bed-large-104cd2d0a3c440d5b49b74166cda3a3a-p.html,325
https://shop.fandom.com/disney-the-lion-king/disney-the-lion-king-black-boys-4-7-paste-graphic-t-shirt-553b67798b6640158bc8001d59b3341b-p.html,327
https://shop.fandom.com/disney-limited-edition/invicta-disney-limited-edition-mickey-mouse-womens-watch-38mm-black-36302-3e8f2347f26d4fc99fea1fab7029ed92-p.html,328
https://shop.fandom.com/disney-the-lion-king/disney-the-lion-king-black-boys-4-7-paste-graphic-t-shirt-8e17741739234454b049da4c16bea4e5-p.html,327
https://shop.fandom.com/citizen/citizen-aurora-diamond-bracelet-watch-3100305a213d403cbbd253829bd58fc4-p.html,328
https://shop.fandom.com/disney-limited-edition/invicta-disney-limited-edition-mickey-mouse-quartz-wall-clock-34793-46c82ba8f72249d0b95333889f77b38d-p.html,313
https://shop.fandom.com/disney-limited-edition/invicta-disney-limited-edition-mickey-mouse-womens-watch-38mm-white-36298-2e1fb331c73e40a19d168a27ccb86788-p.html,327
https://shop.fandom.com/disney-frozen/disney-frozen-black-girls-7-16-sketchy-group-graphic-t-shirt-7d9deb1c86f04f91abf739420f46003b-p.html,327
https://shop.fandom.com/jim-shore/jim-shore-collectibles-and-figurines-bambi-thumper-figurine-975569c5217c4323b50d58c2be6e1c32-p.html,327
https://shop.fandom.com/disney-the-lion-king/disney-the-lion-king-black-boys-4-7-paste-graphic-t-shirt-e12dad64b64e4744bd0a6200dd0a71e8-p.html,327
https://shop.fandom.com/citizen/citizen-mickey-vintage-sport-strap-watch-21dbe1416ba54d6fb7147eaf14c93d9a-p.html,328
https://shop.fandom.com/disney/disney-charcoal-heather-disney-princess-dream-her-wedding-short-sleeve-graphic-t-shirt-e674ba68225d4241a3a07f1d5df2b995-p.html,328
https://shop.fandom.com/disney-limited-edition/invicta-disney-limited-edition-mickey-mouse-quartz-wall-clock-34763-7d8e32dfdd4243ccbdbed9af2e9d8c71-p.html,313
https://shop.fandom.com/disney-frozen/disney-frozen-purple-berry-girls-4-6x-frozen-birthday-queen-six-graphic-t-shirt-e0fe38300bde423388eb712cfaac8544-p.html,328
https://shop.fandom.com/disney/disneys-mickey-mouse-mini-backpack-with-3d-ears-med-blue-83dd0f4cd36647e8adaf5f5e37ceba4d-p.html,328
https://shop.fandom.com/disney-limited-edition/invicta-disney-limited-edition-mickey-mouse-mens-watch-42mm-steel-black-32385-b74faa49f34845f2822569dede69a747-p.html,327
https://shop.fandom.com/disney/disney-black-girls-4-6x-ohana-pride-graphic-t-shirt-45c8380a48624091849b7114e98001ca-p.html,328
https://shop.fandom.com/kurt-adler/kurt-adler-nightmare-before-christmas-sally-nutcracker-table-decor-multicolor-ee71269b714d45adb2815b264c48225e-p.html,327
https://shop.fandom.com/disney-limited-edition/invicta-disney-limited-edition-mickey-mouse-mens-watch-43mm-steel-gold-22772-aec47f66d8d046ed9b39060f86f51a80-p.html,328
https://shop.fandom.com/safavieh/safavieh-inspired-by-live-action-film-aladdin-charmer-23-table-lamp-linen-metal-in-blue-white-yellow-size-23-0-h-x-14-0-w-x-14-0-d-in-wayfair-dfbf4851ca45499b80fdfa7683efc051-p.html,333
https://shop.fandom.com/disney/disney-black-boys-4-7-mickey-mouse-roses-graphic-t-shirt-88e9d34b9674447bbf01618ecf5accdf-p.html,328
https://shop.fandom.com/best-friends-by-sheri/best-friends-by-sheri-disney-nightmare-before-christmas-scary-wreath-squeaky-plush-dog-toy-a7e6d4d574e94a2ab9e396ed10264b4b-p.html,307
https://shop.fandom.com/disney-cars/disney-cars-charcoal-heather-boys-4-7-tow-mater-graphic-t-shirt-ac5cc31a239443378bfcf69979807ff5-p.html,325
https://shop.fandom.com/disney/disney-charcoal-heather-disney-princess-dream-her-wedding-short-sleeve-graphic-t-shirt-fb347a0caeb545ad89e0061f395d310a-p.html,328
https://shop.fandom.com/disney/disney-white-girls-4-6x-donalds-comic-cover-graphic-t-shirt-429fcc13f1b44af9b9268c0127d34522-p.html,328
https://shop.fandom.com/disney/disney-charcoal-heather-disney-princess-dream-her-wedding-short-sleeve-graphic-t-shirt-f7c8501529a14dcbb9c645ffe4fe5783-p.html,328
https://shop.fandom.com/artiva-usa/artiva-usa-aladdin-30-table-lamp-metal-in-gray-size-30-5-h-x-16-0-w-x-16-0-d-in-wayfair-a21012tb-4361ec0042da4a30b8622a7d57e4c3fe-p.html,339
https://shop.fandom.com/disney-limited-edition/invicta-disney-limited-edition-mickey-mouse-womens-watch-38mm-gold-white-27276-2d2cca09d83a47c69767b63e7129ba30-p.html,328
https://shop.fandom.com/jim-shore/jim-shore-collectibles-and-figurines-disney-traditions-stitch-with-storybook-figurine-f64b9f89e2ee46cda2b4e8c17637df38-p.html,327
https://shop.fandom.com/disney-limited-edition/invicta-disney-limited-edition-mickey-mouse-mens-watch-43mm-steel-27392-ecc807738cf74ccdb2f7ca3ed53cea08-p.html,328
https://shop.fandom.com/disney-limited-edition/invicta-disney-limited-edition-mickey-mouse-mens-watch-40mm-steel-gold-27382-7eb2fac7db5a47a8838fd8e5c36a8068-p.html,327
https://shop.fandom.com/disney-cars/disney-cars-navy-boys-4-7-doc-hudson-graphic-t-shirt-9bcc5be56c9e49629f663f1898df0cea-p.html,325
https://shop.fandom.com/loki/loki-navy-likeness-girls-4-6x-break-free-graphic-t-shirt-824f161d08eb4b31a0d3ec1ff3e51560-p.html,328
https://shop.fandom.com/muppets/muppets-black-karate-piggy-short-sleeve-graphic-t-shirt-fc9a60f860be459eb90f7ae7896f5252-p.html,327
https://shop.fandom.com/disney/disney-charcoal-heather-disney-princess-dream-her-wedding-short-sleeve-graphic-t-shirt-389cbfe6e9f94ccea5ab6df53e10999b-p.html,328
https://shop.fandom.com/disney-limited-edition/invicta-disney-limited-edition-mickey-mouse-womens-watch-40mm-steel-27381-13c1b54ce08d458581d8d6008cc901f7-p.html,327
https://shop.fandom.com/disney-limited-edition/invicta-disney-limited-edition-mickey-mouse-womens-watch-40mm-steel-27381-13c1b54ce08d458581d8d6008cc901f7-p.html,328
https://shop.fandom.com/,313
https://www.fandom.com/,86
